peerId	peerName	message	timestamp	topic
aqtcbuq2	Sam	{"type":"user1-ready","localUser":true}	2022-05-04T07:27:01.226Z	
h8dqxekk	JSSDK	{"type":"user1-ready","localUser":true}	2022-05-04T07:27:09.230Z	
aqtcbuq2	Sam	{"type":"user2-ready","otherUser":true}	2022-05-04T07:27:12.061Z	
h8dqxekk	JSSDK	{"type":"all-user-ready","allUsersReady":true}	2022-05-04T07:27:12.319Z	
h8dqxekk	JSSDK	{"type":"start-interview","recInterview":true}	2022-05-04T07:27:18.726Z	
aqtcbuq2	Sam	{"type":"start-interview","recInterview":true}	2022-05-04T07:27:18.741Z	
aqtcbuq2	Sam	{"type":"moving-webcam","movingWebcam":{"x":6.5869140625,"y":0.4638671875}}	2022-05-04T07:27:25.115Z	
aqtcbuq2	Sam	{"type":"moving-webcam","movingWebcam":{"x":30.0390625,"y":20.2001953125}}	2022-05-04T07:27:25.151Z	
aqtcbuq2	Sam	{"type":"moving-webcam","movingWebcam":{"x":53.583984375,"y":52.83203125}}	2022-05-04T07:27:25.163Z	
aqtcbuq2	Sam	{"type":"moving-webcam","movingWebcam":{"x":66.103515625,"y":79.1357421875}}	2022-05-04T07:27:25.180Z	
aqtcbuq2	Sam	{"type":"moving-webcam","movingWebcam":{"x":75.6689453125,"y":103.8134765625}}	2022-05-04T07:27:25.198Z	
aqtcbuq2	Sam	{"type":"moving-webcam","movingWebcam":{"x":81.5185546875,"y":123.2666015625}}	2022-05-04T07:27:25.214Z	
aqtcbuq2	Sam	{"type":"moving-webcam","movingWebcam":{"x":86.1376953125,"y":139.5458984375}}	2022-05-04T07:27:25.231Z	
aqtcbuq2	Sam	{"type":"moving-webcam","movingWebcam":{"x":90.6103515625,"y":154.130859375}}	2022-05-04T07:27:25.248Z	
aqtcbuq2	Sam	{"type":"moving-webcam","movingWebcam":{"x":94.00390625,"y":165.4443359375}}	2022-05-04T07:27:25.264Z	
aqtcbuq2	Sam	{"type":"moving-webcam","movingWebcam":{"x":96.767578125,"y":174.7509765625}}	2022-05-04T07:27:25.281Z	
aqtcbuq2	Sam	{"type":"moving-webcam","movingWebcam":{"x":98.96484375,"y":182.1875}}	2022-05-04T07:27:25.298Z	
aqtcbuq2	Sam	{"type":"moving-webcam","movingWebcam":{"x":100.595703125,"y":187.958984375}}	2022-05-04T07:27:25.314Z	
aqtcbuq2	Sam	{"type":"moving-webcam","movingWebcam":{"x":102.158203125,"y":192.666015625}}	2022-05-04T07:27:25.331Z	
aqtcbuq2	Sam	{"type":"moving-webcam","movingWebcam":{"x":104.0380859375,"y":196.9091796875}}	2022-05-04T07:27:25.347Z	
aqtcbuq2	Sam	{"type":"moving-webcam","movingWebcam":{"x":106.875,"y":201.826171875}}	2022-05-04T07:27:25.364Z	
aqtcbuq2	Sam	{"type":"moving-webcam","movingWebcam":{"x":111.4453125,"y":209.04296875}}	2022-05-04T07:27:25.412Z	
aqtcbuq2	Sam	{"type":"moving-webcam","movingWebcam":{"x":118.7744140625,"y":217.7392578125}}	2022-05-04T07:27:25.412Z	
aqtcbuq2	Sam	{"type":"moving-webcam","movingWebcam":{"x":127.59765625,"y":226.083984375}}	2022-05-04T07:27:25.416Z	
aqtcbuq2	Sam	{"type":"moving-webcam","movingWebcam":{"x":138.916015625,"y":234.1650390625}}	2022-05-04T07:27:25.430Z	
aqtcbuq2	Sam	{"type":"moving-webcam","movingWebcam":{"x":154.7216796875,"y":241.07421875}}	2022-05-04T07:27:25.449Z	
aqtcbuq2	Sam	{"type":"moving-webcam","movingWebcam":{"x":170.185546875,"y":244.2724609375}}	2022-05-04T07:27:25.466Z	
aqtcbuq2	Sam	{"type":"moving-webcam","movingWebcam":{"x":183.525390625,"y":244.8046875}}	2022-05-04T07:27:25.482Z	
aqtcbuq2	Sam	{"type":"moving-webcam","movingWebcam":{"x":197.7099609375,"y":244.8046875}}	2022-05-04T07:27:25.498Z	
aqtcbuq2	Sam	{"type":"moving-webcam","movingWebcam":{"x":209.8828125,"y":242.470703125}}	2022-05-04T07:27:25.513Z	
aqtcbuq2	Sam	{"type":"moving-webcam","movingWebcam":{"x":221.845703125,"y":235.1513671875}}	2022-05-04T07:27:25.532Z	
aqtcbuq2	Sam	{"type":"moving-webcam","movingWebcam":{"x":234.9560546875,"y":225.78125}}	2022-05-04T07:27:25.547Z	
aqtcbuq2	Sam	{"type":"moving-webcam","movingWebcam":{"x":245.9130859375,"y":216.7626953125}}	2022-05-04T07:27:25.565Z	
aqtcbuq2	Sam	{"type":"moving-webcam","movingWebcam":{"x":256.8798828125,"y":207.353515625}}	2022-05-04T07:27:25.581Z	
aqtcbuq2	Sam	{"type":"moving-webcam","movingWebcam":{"x":267.021484375,"y":199.228515625}}	2022-05-04T07:27:25.599Z	
aqtcbuq2	Sam	{"type":"moving-webcam","movingWebcam":{"x":276.4404296875,"y":191.2646484375}}	2022-05-04T07:27:25.615Z	
aqtcbuq2	Sam	{"type":"moving-webcam","movingWebcam":{"x":284.7802734375,"y":182.958984375}}	2022-05-04T07:27:25.631Z	
aqtcbuq2	Sam	{"type":"moving-webcam","movingWebcam":{"x":290.6982421875,"y":175.732421875}}	2022-05-04T07:27:25.649Z	
aqtcbuq2	Sam	{"type":"moving-webcam","movingWebcam":{"x":295.6201171875,"y":168.6474609375}}	2022-05-04T07:27:25.664Z	
aqtcbuq2	Sam	{"type":"moving-webcam","movingWebcam":{"x":298.6669921875,"y":162.2216796875}}	2022-05-04T07:27:25.682Z	
aqtcbuq2	Sam	{"type":"moving-webcam","movingWebcam":{"x":299.9072265625,"y":154.6728515625}}	2022-05-04T07:27:25.698Z	
aqtcbuq2	Sam	{"type":"moving-webcam","movingWebcam":{"x":300.33203125,"y":144.7216796875}}	2022-05-04T07:27:25.715Z	
aqtcbuq2	Sam	{"type":"moving-webcam","movingWebcam":{"x":298.203125,"y":132.01171875}}	2022-05-04T07:27:25.731Z	
aqtcbuq2	Sam	{"type":"moving-webcam","movingWebcam":{"x":290.80078125,"y":115.8154296875}}	2022-05-04T07:27:25.747Z	
aqtcbuq2	Sam	{"type":"moving-webcam","movingWebcam":{"x":278.7353515625,"y":97.2021484375}}	2022-05-04T07:27:25.764Z	
aqtcbuq2	Sam	{"type":"moving-webcam","movingWebcam":{"x":265.9716796875,"y":77.8125}}	2022-05-04T07:27:25.780Z	
aqtcbuq2	Sam	{"type":"moving-webcam","movingWebcam":{"x":252.4267578125,"y":56.2939453125}}	2022-05-04T07:27:25.799Z	
aqtcbuq2	Sam	{"type":"moving-webcam","movingWebcam":{"x":243.9990234375,"y":42.6123046875}}	2022-05-04T07:27:25.814Z	
aqtcbuq2	Sam	{"type":"moving-webcam","movingWebcam":{"x":239.4921875,"y":34.6435546875}}	2022-05-04T07:27:25.830Z	
aqtcbuq2	Sam	{"type":"moving-webcam","movingWebcam":{"x":232.1337890625,"y":21.904296875}}	2022-05-04T07:27:25.867Z	
aqtcbuq2	Sam	{"type":"moving-webcam","movingWebcam":{"x":226.2548828125,"y":12.412109375}}	2022-05-04T07:27:25.867Z	
aqtcbuq2	Sam	{"type":"moving-webcam","movingWebcam":{"x":222.0263671875,"y":6.962890625}}	2022-05-04T07:27:25.882Z	
aqtcbuq2	Sam	{"type":"moving-webcam","movingWebcam":{"x":218.8916015625,"y":3.4619140625}}	2022-05-04T07:27:25.900Z	
aqtcbuq2	Sam	{"type":"moving-webcam","movingWebcam":{"x":216.7724609375,"y":1.3623046875}}	2022-05-04T07:27:25.914Z	
aqtcbuq2	Sam	{"type":"moving-webcam","movingWebcam":{"x":215.078125,"y":0.009765625}}	2022-05-04T07:27:25.930Z	
aqtcbuq2	Sam	{"type":"moving-webcam","movingWebcam":{"x":214.1162109375,"y":-0.3125}}	2022-05-04T07:27:25.948Z	
aqtcbuq2	Sam	{"type":"moving-webcam","movingWebcam":{"x":213.5107421875,"y":-0.3125}}	2022-05-04T07:27:25.978Z	
aqtcbuq2	Sam	{"type":"moving-webcam","movingWebcam":{"x":212.2412109375,"y":-0.3125}}	2022-05-04T07:27:26.015Z	
aqtcbuq2	Sam	{"type":"moving-webcam","movingWebcam":{"x":202.001953125,"y":-0.5615234375}}	2022-05-04T07:27:26.715Z	
aqtcbuq2	Sam	{"type":"moving-webcam","movingWebcam":{"x":176.494140625,"y":-8.02734375}}	2022-05-04T07:27:26.748Z	
aqtcbuq2	Sam	{"type":"moving-webcam","movingWebcam":{"x":149.3017578125,"y":-22.1240234375}}	2022-05-04T07:27:26.765Z	
aqtcbuq2	Sam	{"type":"moving-webcam","movingWebcam":{"x":130.7763671875,"y":-35.4345703125}}	2022-05-04T07:27:26.783Z	
aqtcbuq2	Sam	{"type":"moving-webcam","movingWebcam":{"x":116.4208984375,"y":-48.6376953125}}	2022-05-04T07:27:26.798Z	
aqtcbuq2	Sam	{"type":"moving-webcam","movingWebcam":{"x":105.1318359375,"y":-59.443359375}}	2022-05-04T07:27:26.815Z	
aqtcbuq2	Sam	{"type":"moving-webcam","movingWebcam":{"x":97.919921875,"y":-67.0263671875}}	2022-05-04T07:27:26.834Z	
aqtcbuq2	Sam	{"type":"moving-webcam","movingWebcam":{"x":93.7109375,"y":-72.4609375}}	2022-05-04T07:27:26.849Z	
aqtcbuq2	Sam	{"type":"moving-webcam","movingWebcam":{"x":90.634765625,"y":-76.689453125}}	2022-05-04T07:27:26.865Z	
aqtcbuq2	Sam	{"type":"moving-webcam","movingWebcam":{"x":88.2421875,"y":-81.904296875}}	2022-05-04T07:27:26.882Z	
aqtcbuq2	Sam	{"type":"moving-webcam","movingWebcam":{"x":86.5625,"y":-88.18359375}}	2022-05-04T07:27:26.898Z	
aqtcbuq2	Sam	{"type":"moving-webcam","movingWebcam":{"x":85.703125,"y":-96.8212890625}}	2022-05-04T07:27:26.914Z	
aqtcbuq2	Sam	{"type":"moving-webcam","movingWebcam":{"x":85.703125,"y":-107.3291015625}}	2022-05-04T07:27:26.933Z	
aqtcbuq2	Sam	{"type":"moving-webcam","movingWebcam":{"x":85.703125,"y":-117.8857421875}}	2022-05-04T07:27:26.949Z	
aqtcbuq2	Sam	{"type":"moving-webcam","movingWebcam":{"x":85.703125,"y":-128.4423828125}}	2022-05-04T07:27:26.966Z	
aqtcbuq2	Sam	{"type":"moving-webcam","movingWebcam":{"x":86.123046875,"y":-137.71484375}}	2022-05-04T07:27:26.982Z	
aqtcbuq2	Sam	{"type":"moving-webcam","movingWebcam":{"x":87.9248046875,"y":-146.318359375}}	2022-05-04T07:27:26.998Z	
aqtcbuq2	Sam	{"type":"moving-webcam","movingWebcam":{"x":91.50390625,"y":-156.640625}}	2022-05-04T07:27:27.015Z	
aqtcbuq2	Sam	{"type":"moving-webcam","movingWebcam":{"x":95.5419921875,"y":-166.9580078125}}	2022-05-04T07:27:27.031Z	
aqtcbuq2	Sam	{"type":"moving-webcam","movingWebcam":{"x":99.82421875,"y":-176.9775390625}}	2022-05-04T07:27:27.048Z	
aqtcbuq2	Sam	{"type":"moving-webcam","movingWebcam":{"x":104.1748046875,"y":-187.0703125}}	2022-05-04T07:27:27.067Z	
aqtcbuq2	Sam	{"type":"moving-webcam","movingWebcam":{"x":110.478515625,"y":-199.375}}	2022-05-04T07:27:27.081Z	
aqtcbuq2	Sam	{"type":"moving-webcam","movingWebcam":{"x":118.6962890625,"y":-215.185546875}}	2022-05-04T07:27:27.100Z	
aqtcbuq2	Sam	{"type":"moving-webcam","movingWebcam":{"x":127.041015625,"y":-231.2890625}}	2022-05-04T07:27:27.115Z	
aqtcbuq2	Sam	{"type":"moving-webcam","movingWebcam":{"x":135.8203125,"y":-248.18359375}}	2022-05-04T07:27:27.133Z	
aqtcbuq2	Sam	{"type":"moving-webcam","movingWebcam":{"x":143.125,"y":-262.646484375}}	2022-05-04T07:27:27.150Z	
aqtcbuq2	Sam	{"type":"moving-webcam","movingWebcam":{"x":149.7802734375,"y":-274.2919921875}}	2022-05-04T07:27:27.167Z	
aqtcbuq2	Sam	{"type":"moving-webcam","movingWebcam":{"x":156.15234375,"y":-285.05859375}}	2022-05-04T07:27:27.182Z	
aqtcbuq2	Sam	{"type":"moving-webcam","movingWebcam":{"x":161.66015625,"y":-293.330078125}}	2022-05-04T07:27:27.200Z	
aqtcbuq2	Sam	{"type":"moving-webcam","movingWebcam":{"x":166.533203125,"y":-299.9755859375}}	2022-05-04T07:27:27.217Z	
aqtcbuq2	Sam	{"type":"moving-webcam","movingWebcam":{"x":170.615234375,"y":-304.912109375}}	2022-05-04T07:27:27.234Z	
aqtcbuq2	Sam	{"type":"moving-webcam","movingWebcam":{"x":175.126953125,"y":-309.423828125}}	2022-05-04T07:27:27.250Z	
aqtcbuq2	Sam	{"type":"moving-webcam","movingWebcam":{"x":180.810546875,"y":-314.6435546875}}	2022-05-04T07:27:27.267Z	
aqtcbuq2	Sam	{"type":"moving-webcam","movingWebcam":{"x":187.6171875,"y":-320.0634765625}}	2022-05-04T07:27:27.282Z	
aqtcbuq2	Sam	{"type":"moving-webcam","movingWebcam":{"x":194.423828125,"y":-325.4833984375}}	2022-05-04T07:27:27.299Z	
aqtcbuq2	Sam	{"type":"moving-webcam","movingWebcam":{"x":200.5322265625,"y":-330.2734375}}	2022-05-04T07:27:27.316Z	
aqtcbuq2	Sam	{"type":"moving-webcam","movingWebcam":{"x":205.859375,"y":-333.96484375}}	2022-05-04T07:27:27.332Z	
aqtcbuq2	Sam	{"type":"moving-webcam","movingWebcam":{"x":210.546875,"y":-337.08984375}}	2022-05-04T07:27:27.350Z	
aqtcbuq2	Sam	{"type":"moving-webcam","movingWebcam":{"x":214.775390625,"y":-340.146484375}}	2022-05-04T07:27:27.365Z	
aqtcbuq2	Sam	{"type":"moving-webcam","movingWebcam":{"x":218.544921875,"y":-342.7783203125}}	2022-05-04T07:27:27.413Z	
aqtcbuq2	Sam	{"type":"moving-webcam","movingWebcam":{"x":221.8505859375,"y":-344.98046875}}	2022-05-04T07:27:27.413Z	
aqtcbuq2	Sam	{"type":"moving-webcam","movingWebcam":{"x":225.869140625,"y":-347.1484375}}	2022-05-04T07:27:27.417Z	
aqtcbuq2	Sam	{"type":"moving-webcam","movingWebcam":{"x":230.3466796875,"y":-348.994140625}}	2022-05-04T07:27:27.432Z	
aqtcbuq2	Sam	{"type":"moving-webcam","movingWebcam":{"x":234.1064453125,"y":-350.478515625}}	2022-05-04T07:27:27.449Z	
aqtcbuq2	Sam	{"type":"moving-webcam","movingWebcam":{"x":238.330078125,"y":-351.611328125}}	2022-05-04T07:27:27.466Z	
aqtcbuq2	Sam	{"type":"moving-webcam","movingWebcam":{"x":243.0078125,"y":-352.7783203125}}	2022-05-04T07:27:27.483Z	
aqtcbuq2	Sam	{"type":"moving-webcam","movingWebcam":{"x":247.685546875,"y":-354.3359375}}	2022-05-04T07:27:27.500Z	
aqtcbuq2	Sam	{"type":"moving-webcam","movingWebcam":{"x":252.8955078125,"y":-355.927734375}}	2022-05-04T07:27:27.515Z	
aqtcbuq2	Sam	{"type":"moving-webcam","movingWebcam":{"x":258.6376953125,"y":-357.978515625}}	2022-05-04T07:27:27.532Z	
aqtcbuq2	Sam	{"type":"moving-webcam","movingWebcam":{"x":264.3701171875,"y":-360.029296875}}	2022-05-04T07:27:27.549Z	
aqtcbuq2	Sam	{"type":"moving-webcam","movingWebcam":{"x":270.1025390625,"y":-361.6552734375}}	2022-05-04T07:27:27.566Z	
aqtcbuq2	Sam	{"type":"moving-webcam","movingWebcam":{"x":274.86328125,"y":-363.2177734375}}	2022-05-04T07:27:27.582Z	
aqtcbuq2	Sam	{"type":"moving-webcam","movingWebcam":{"x":278.6328125,"y":-364.7119140625}}	2022-05-04T07:27:27.599Z	
aqtcbuq2	Sam	{"type":"moving-webcam","movingWebcam":{"x":281.552734375,"y":-365.78125}}	2022-05-04T07:27:27.615Z	
aqtcbuq2	Sam	{"type":"moving-webcam","movingWebcam":{"x":283.232421875,"y":-366.103515625}}	2022-05-04T07:27:27.633Z	
aqtcbuq2	Sam	{"type":"moving-webcam","movingWebcam":{"x":284.19921875,"y":-366.103515625}}	2022-05-04T07:27:27.649Z	
aqtcbuq2	Sam	{"type":"moving-webcam","movingWebcam":{"x":284.2236328125,"y":-366.103515625}}	2022-05-04T07:27:27.676Z	
aqtcbuq2	Sam	{"type":"moving-webcam","movingWebcam":{"x":282.2216796875,"y":-366.103515625}}	2022-05-04T07:27:27.685Z	
aqtcbuq2	Sam	{"type":"moving-webcam","movingWebcam":{"x":276.796875,"y":-366.103515625}}	2022-05-04T07:27:27.700Z	
aqtcbuq2	Sam	{"type":"moving-webcam","movingWebcam":{"x":264.0087890625,"y":-363.8525390625}}	2022-05-04T07:27:27.717Z	
aqtcbuq2	Sam	{"type":"moving-webcam","movingWebcam":{"x":242.2265625,"y":-357.783203125}}	2022-05-04T07:27:27.733Z	
aqtcbuq2	Sam	{"type":"moving-webcam","movingWebcam":{"x":215.7763671875,"y":-348.7353515625}}	2022-05-04T07:27:27.750Z	
aqtcbuq2	Sam	{"type":"moving-webcam","movingWebcam":{"x":190.3857421875,"y":-338.6083984375}}	2022-05-04T07:27:27.766Z	
aqtcbuq2	Sam	{"type":"moving-webcam","movingWebcam":{"x":163.7548828125,"y":-325.3125}}	2022-05-04T07:27:27.784Z	
aqtcbuq2	Sam	{"type":"moving-webcam","movingWebcam":{"x":140.849609375,"y":-311.25}}	2022-05-04T07:27:27.800Z	
aqtcbuq2	Sam	{"type":"moving-webcam","movingWebcam":{"x":126.9091796875,"y":-299.5751953125}}	2022-05-04T07:27:27.817Z	
aqtcbuq2	Sam	{"type":"moving-webcam","movingWebcam":{"x":116.982421875,"y":-289.6484375}}	2022-05-04T07:27:27.835Z	
aqtcbuq2	Sam	{"type":"moving-webcam","movingWebcam":{"x":109.228515625,"y":-281.396484375}}	2022-05-04T07:27:27.850Z	
aqtcbuq2	Sam	{"type":"moving-webcam","movingWebcam":{"x":100.3515625,"y":-272.5537109375}}	2022-05-04T07:27:27.868Z	
aqtcbuq2	Sam	{"type":"moving-webcam","movingWebcam":{"x":91.1279296875,"y":-263.4716796875}}	2022-05-04T07:27:27.883Z	
aqtcbuq2	Sam	{"type":"moving-webcam","movingWebcam":{"x":82.36328125,"y":-253.3056640625}}	2022-05-04T07:27:27.901Z	
aqtcbuq2	Sam	{"type":"moving-webcam","movingWebcam":{"x":71.5185546875,"y":-240.3173828125}}	2022-05-04T07:27:27.917Z	
aqtcbuq2	Sam	{"type":"moving-webcam","movingWebcam":{"x":58.4326171875,"y":-223.0224609375}}	2022-05-04T07:27:27.934Z	
aqtcbuq2	Sam	{"type":"moving-webcam","movingWebcam":{"x":44.775390625,"y":-202.5634765625}}	2022-05-04T07:27:27.951Z	
aqtcbuq2	Sam	{"type":"moving-webcam","movingWebcam":{"x":31.7626953125,"y":-181.4697265625}}	2022-05-04T07:27:27.967Z	
aqtcbuq2	Sam	{"type":"moving-webcam","movingWebcam":{"x":19.51171875,"y":-160.595703125}}	2022-05-04T07:27:27.983Z	
aqtcbuq2	Sam	{"type":"moving-webcam","movingWebcam":{"x":7.861328125,"y":-139.12109375}}	2022-05-04T07:27:28.001Z	
aqtcbuq2	Sam	{"type":"moving-webcam","movingWebcam":{"x":-3.2080078125,"y":-117.01171875}}	2022-05-04T07:27:28.016Z	
aqtcbuq2	Sam	{"type":"moving-webcam","movingWebcam":{"x":-14.4140625,"y":-93.955078125}}	2022-05-04T07:27:28.034Z	
aqtcbuq2	Sam	{"type":"moving-webcam","movingWebcam":{"x":-24.7607421875,"y":-71.9921875}}	2022-05-04T07:27:28.050Z	
aqtcbuq2	Sam	{"type":"moving-webcam","movingWebcam":{"x":-33.4228515625,"y":-52.236328125}}	2022-05-04T07:27:28.066Z	
aqtcbuq2	Sam	{"type":"moving-webcam","movingWebcam":{"x":-40.8837890625,"y":-32.59765625}}	2022-05-04T07:27:28.084Z	
aqtcbuq2	Sam	{"type":"moving-webcam","movingWebcam":{"x":-47.0361328125,"y":-14.580078125}}	2022-05-04T07:27:28.102Z	
aqtcbuq2	Sam	{"type":"moving-webcam","movingWebcam":{"x":-51.2744140625,"y":-0.2978515625}}	2022-05-04T07:27:28.118Z	
aqtcbuq2	Sam	{"type":"moving-webcam","movingWebcam":{"x":-54.84375,"y":12.431640625}}	2022-05-04T07:27:28.136Z	
aqtcbuq2	Sam	{"type":"moving-webcam","movingWebcam":{"x":-58.37890625,"y":25.087890625}}	2022-05-04T07:27:28.150Z	
aqtcbuq2	Sam	{"type":"moving-webcam","movingWebcam":{"x":-60.8154296875,"y":36.318359375}}	2022-05-04T07:27:28.167Z	
aqtcbuq2	Sam	{"type":"moving-webcam","movingWebcam":{"x":-63.14453125,"y":48.5205078125}}	2022-05-04T07:27:28.184Z	
aqtcbuq2	Sam	{"type":"moving-webcam","movingWebcam":{"x":-64.98046875,"y":60.7373046875}}	2022-05-04T07:27:28.200Z	
aqtcbuq2	Sam	{"type":"moving-webcam","movingWebcam":{"x":-65.8935546875,"y":70.625}}	2022-05-04T07:27:28.216Z	
aqtcbuq2	Sam	{"type":"moving-webcam","movingWebcam":{"x":-66.34765625,"y":79.84375}}	2022-05-04T07:27:28.234Z	
aqtcbuq2	Sam	{"type":"moving-webcam","movingWebcam":{"x":-66.806640625,"y":89.08203125}}	2022-05-04T07:27:28.250Z	
aqtcbuq2	Sam	{"type":"moving-webcam","movingWebcam":{"x":-67.265625,"y":98.30078125}}	2022-05-04T07:27:28.267Z	
aqtcbuq2	Sam	{"type":"moving-webcam","movingWebcam":{"x":-67.724609375,"y":108.1884765625}}	2022-05-04T07:27:28.284Z	
aqtcbuq2	Sam	{"type":"moving-webcam","movingWebcam":{"x":-68.642578125,"y":118.0859375}}	2022-05-04T07:27:28.301Z	
aqtcbuq2	Sam	{"type":"moving-webcam","movingWebcam":{"x":-69.5947265625,"y":127.9833984375}}	2022-05-04T07:27:28.316Z	
aqtcbuq2	Sam	{"type":"moving-webcam","movingWebcam":{"x":-70.546875,"y":137.890625}}	2022-05-04T07:27:28.334Z	
aqtcbuq2	Sam	{"type":"moving-webcam","movingWebcam":{"x":-71.005859375,"y":147.7734375}}	2022-05-04T07:27:28.351Z	
aqtcbuq2	Sam	{"type":"moving-webcam","movingWebcam":{"x":-72.0263671875,"y":159.736328125}}	2022-05-04T07:27:28.367Z	
aqtcbuq2	Sam	{"type":"moving-webcam","movingWebcam":{"x":-73.6083984375,"y":172.6513671875}}	2022-05-04T07:27:28.410Z	
aqtcbuq2	Sam	{"type":"moving-webcam","movingWebcam":{"x":-75.087890625,"y":183.5546875}}	2022-05-04T07:27:28.410Z	
aqtcbuq2	Sam	{"type":"moving-webcam","movingWebcam":{"x":-76.4990234375,"y":194.189453125}}	2022-05-04T07:27:28.416Z	
aqtcbuq2	Sam	{"type":"moving-webcam","movingWebcam":{"x":-77.9443359375,"y":205.4248046875}}	2022-05-04T07:27:28.434Z	
aqtcbuq2	Sam	{"type":"moving-webcam","movingWebcam":{"x":-79.7802734375,"y":214.7314453125}}	2022-05-04T07:27:28.451Z	
aqtcbuq2	Sam	{"type":"moving-webcam","movingWebcam":{"x":-81.513671875,"y":222.16796875}}	2022-05-04T07:27:28.468Z	
aqtcbuq2	Sam	{"type":"moving-webcam","movingWebcam":{"x":-83.173828125,"y":228.45703125}}	2022-05-04T07:27:28.484Z	
aqtcbuq2	Sam	{"type":"moving-webcam","movingWebcam":{"x":-84.4091796875,"y":234.74609375}}	2022-05-04T07:27:28.501Z	
aqtcbuq2	Sam	{"type":"moving-webcam","movingWebcam":{"x":-85.6494140625,"y":241.0498046875}}	2022-05-04T07:27:28.516Z	
aqtcbuq2	Sam	{"type":"moving-webcam","movingWebcam":{"x":-86.85546875,"y":246.8212890625}}	2022-05-04T07:27:28.535Z	
aqtcbuq2	Sam	{"type":"moving-webcam","movingWebcam":{"x":-88.02734375,"y":252.060546875}}	2022-05-04T07:27:28.551Z	
aqtcbuq2	Sam	{"type":"moving-webcam","movingWebcam":{"x":-89.19921875,"y":256.30859375}}	2022-05-04T07:27:28.567Z	
aqtcbuq2	Sam	{"type":"moving-webcam","movingWebcam":{"x":-90.2685546875,"y":259.248046875}}	2022-05-04T07:27:28.586Z	
aqtcbuq2	Sam	{"type":"moving-webcam","movingWebcam":{"x":-91.591796875,"y":260.947265625}}	2022-05-04T07:27:28.601Z	
aqtcbuq2	Sam	{"type":"moving-webcam","movingWebcam":{"x":-93.59375,"y":261.6015625}}	2022-05-04T07:27:28.616Z	
aqtcbuq2	Sam	{"type":"moving-webcam","movingWebcam":{"x":-97.1142578125,"y":258.125}}	2022-05-04T07:27:28.634Z	
aqtcbuq2	Sam	{"type":"moving-webcam","movingWebcam":{"x":-102.919921875,"y":248.3837890625}}	2022-05-04T07:27:28.651Z	
aqtcbuq2	Sam	{"type":"moving-webcam","movingWebcam":{"x":-112.2021484375,"y":234.2236328125}}	2022-05-04T07:27:28.668Z	
aqtcbuq2	Sam	{"type":"moving-webcam","movingWebcam":{"x":-124.4189453125,"y":217.353515625}}	2022-05-04T07:27:28.685Z	
aqtcbuq2	Sam	{"type":"moving-webcam","movingWebcam":{"x":-136.826171875,"y":199.6142578125}}	2022-05-04T07:27:28.700Z	
aqtcbuq2	Sam	{"type":"moving-webcam","movingWebcam":{"x":-149.052734375,"y":182.67578125}}	2022-05-04T07:27:28.717Z	
aqtcbuq2	Sam	{"type":"moving-webcam","movingWebcam":{"x":-161.7041015625,"y":167.1142578125}}	2022-05-04T07:27:28.734Z	
aqtcbuq2	Sam	{"type":"moving-webcam","movingWebcam":{"x":-172.16796875,"y":153.9208984375}}	2022-05-04T07:27:28.750Z	
aqtcbuq2	Sam	{"type":"moving-webcam","movingWebcam":{"x":-183.9306640625,"y":140.5615234375}}	2022-05-04T07:27:28.769Z	
aqtcbuq2	Sam	{"type":"moving-webcam","movingWebcam":{"x":-195.3955078125,"y":129.0966796875}}	2022-05-04T07:27:28.786Z	
aqtcbuq2	Sam	{"type":"moving-webcam","movingWebcam":{"x":-204.931640625,"y":121.11328125}}	2022-05-04T07:27:28.800Z	
aqtcbuq2	Sam	{"type":"moving-webcam","movingWebcam":{"x":-214.70703125,"y":113.8134765625}}	2022-05-04T07:27:28.818Z	
aqtcbuq2	Sam	{"type":"moving-webcam","movingWebcam":{"x":-223.0078125,"y":107.822265625}}	2022-05-04T07:27:28.834Z	
aqtcbuq2	Sam	{"type":"moving-webcam","movingWebcam":{"x":-230.56640625,"y":103.359375}}	2022-05-04T07:27:28.851Z	
aqtcbuq2	Sam	{"type":"moving-webcam","movingWebcam":{"x":-236.8505859375,"y":100.029296875}}	2022-05-04T07:27:28.869Z	
aqtcbuq2	Sam	{"type":"moving-webcam","movingWebcam":{"x":-242.0703125,"y":96.8359375}}	2022-05-04T07:27:28.885Z	
aqtcbuq2	Sam	{"type":"moving-webcam","movingWebcam":{"x":-246.7529296875,"y":93.7158203125}}	2022-05-04T07:27:28.903Z	
aqtcbuq2	Sam	{"type":"moving-webcam","movingWebcam":{"x":-250.5078125,"y":91.0986328125}}	2022-05-04T07:27:28.919Z	
aqtcbuq2	Sam	{"type":"moving-webcam","movingWebcam":{"x":-252.958984375,"y":89.00390625}}	2022-05-04T07:27:28.934Z	
aqtcbuq2	Sam	{"type":"moving-webcam","movingWebcam":{"x":-254.345703125,"y":86.552734375}}	2022-05-04T07:27:28.950Z	
aqtcbuq2	Sam	{"type":"moving-webcam","movingWebcam":{"x":-255.0537109375,"y":82.998046875}}	2022-05-04T07:27:28.968Z	
aqtcbuq2	Sam	{"type":"moving-webcam","movingWebcam":{"x":-255.41015625,"y":78.974609375}}	2022-05-04T07:27:28.985Z	
aqtcbuq2	Sam	{"type":"moving-webcam","movingWebcam":{"x":-255.41015625,"y":75.205078125}}	2022-05-04T07:27:29.005Z	
aqtcbuq2	Sam	{"type":"moving-webcam","movingWebcam":{"x":-255.41015625,"y":71.435546875}}	2022-05-04T07:27:29.020Z	
aqtcbuq2	Sam	{"type":"moving-webcam","movingWebcam":{"x":-255.41015625,"y":67.666015625}}	2022-05-04T07:27:29.035Z	
aqtcbuq2	Sam	{"type":"moving-webcam","movingWebcam":{"x":-255.41015625,"y":63.4375}}	2022-05-04T07:27:29.053Z	
aqtcbuq2	Sam	{"type":"moving-webcam","movingWebcam":{"x":-255.41015625,"y":58.75}}	2022-05-04T07:27:29.069Z	
aqtcbuq2	Sam	{"type":"moving-webcam","movingWebcam":{"x":-255.41015625,"y":53.0029296875}}	2022-05-04T07:27:29.085Z	
aqtcbuq2	Sam	{"type":"moving-webcam","movingWebcam":{"x":-254.4482421875,"y":44.1796875}}	2022-05-04T07:27:29.102Z	
aqtcbuq2	Sam	{"type":"moving-webcam","movingWebcam":{"x":-252.5927734375,"y":34.6142578125}}	2022-05-04T07:27:29.119Z	
aqtcbuq2	Sam	{"type":"moving-webcam","movingWebcam":{"x":-249.84375,"y":25.859375}}	2022-05-04T07:27:29.136Z	
aqtcbuq2	Sam	{"type":"moving-webcam","movingWebcam":{"x":-245.859375,"y":13.75}}	2022-05-04T07:27:29.153Z	
aqtcbuq2	Sam	{"type":"moving-webcam","movingWebcam":{"x":-242.2021484375,"y":-0.439453125}}	2022-05-04T07:27:29.169Z	
aqtcbuq2	Sam	{"type":"moving-webcam","movingWebcam":{"x":-239.1796875,"y":-12.548828125}}	2022-05-04T07:27:29.184Z	
aqtcbuq2	Sam	{"type":"moving-webcam","movingWebcam":{"x":-236.689453125,"y":-23.916015625}}	2022-05-04T07:27:29.203Z	
aqtcbuq2	Sam	{"type":"moving-webcam","movingWebcam":{"x":-234.7314453125,"y":-35.1416015625}}	2022-05-04T07:27:29.218Z	
aqtcbuq2	Sam	{"type":"moving-webcam","movingWebcam":{"x":-232.8759765625,"y":-44.4287109375}}	2022-05-04T07:27:29.234Z	
aqtcbuq2	Sam	{"type":"moving-webcam","movingWebcam":{"x":-231.982421875,"y":-51.8310546875}}	2022-05-04T07:27:29.252Z	
aqtcbuq2	Sam	{"type":"moving-webcam","movingWebcam":{"x":-231.982421875,"y":-58.0712890625}}	2022-05-04T07:27:29.268Z	
aqtcbuq2	Sam	{"type":"moving-webcam","movingWebcam":{"x":-231.982421875,"y":-63.26171875}}	2022-05-04T07:27:29.284Z	
aqtcbuq2	Sam	{"type":"moving-webcam","movingWebcam":{"x":-231.982421875,"y":-69.0087890625}}	2022-05-04T07:27:29.303Z	
aqtcbuq2	Sam	{"type":"moving-webcam","movingWebcam":{"x":-231.982421875,"y":-75.8203125}}	2022-05-04T07:27:29.318Z	
aqtcbuq2	Sam	{"type":"moving-webcam","movingWebcam":{"x":-231.982421875,"y":-82.63671875}}	2022-05-04T07:27:29.335Z	
aqtcbuq2	Sam	{"type":"moving-webcam","movingWebcam":{"x":-231.552734375,"y":-90.0537109375}}	2022-05-04T07:27:29.351Z	
aqtcbuq2	Sam	{"type":"moving-webcam","movingWebcam":{"x":-230.693359375,"y":-98.0712890625}}	2022-05-04T07:27:29.367Z	
aqtcbuq2	Sam	{"type":"moving-webcam","movingWebcam":{"x":-229.3017578125,"y":-109.6630859375}}	2022-05-04T07:27:29.415Z	
aqtcbuq2	Sam	{"type":"moving-webcam","movingWebcam":{"x":-227.3828125,"y":-122.5048828125}}	2022-05-04T07:27:29.415Z	
aqtcbuq2	Sam	{"type":"moving-webcam","movingWebcam":{"x":-225.4296875,"y":-133.7109375}}	2022-05-04T07:27:29.427Z	
aqtcbuq2	Sam	{"type":"moving-webcam","movingWebcam":{"x":-222.9736328125,"y":-144.9365234375}}	2022-05-04T07:27:29.436Z	
aqtcbuq2	Sam	{"type":"moving-webcam","movingWebcam":{"x":-219.4580078125,"y":-156.89453125}}	2022-05-04T07:27:29.454Z	
aqtcbuq2	Sam	{"type":"moving-webcam","movingWebcam":{"x":-215.5517578125,"y":-168.251953125}}	2022-05-04T07:27:29.468Z	
aqtcbuq2	Sam	{"type":"moving-webcam","movingWebcam":{"x":-211.083984375,"y":-179.736328125}}	2022-05-04T07:27:29.485Z	
aqtcbuq2	Sam	{"type":"moving-webcam","movingWebcam":{"x":-206.6162109375,"y":-191.220703125}}	2022-05-04T07:27:29.502Z	
aqtcbuq2	Sam	{"type":"moving-webcam","movingWebcam":{"x":-202.3486328125,"y":-201.1767578125}}	2022-05-04T07:27:29.519Z	
aqtcbuq2	Sam	{"type":"moving-webcam","movingWebcam":{"x":-197.2705078125,"y":-212.1533203125}}	2022-05-04T07:27:29.537Z	
aqtcbuq2	Sam	{"type":"moving-webcam","movingWebcam":{"x":-190.8544921875,"y":-225.3515625}}	2022-05-04T07:27:29.554Z	
aqtcbuq2	Sam	{"type":"moving-webcam","movingWebcam":{"x":-181.8701171875,"y":-242.724609375}}	2022-05-04T07:27:29.574Z	
aqtcbuq2	Sam	{"type":"moving-webcam","movingWebcam":{"x":-173.798828125,"y":-256.7822265625}}	2022-05-04T07:27:29.591Z	
aqtcbuq2	Sam	{"type":"moving-webcam","movingWebcam":{"x":-168.10546875,"y":-266.1962890625}}	2022-05-04T07:27:29.609Z	
aqtcbuq2	Sam	{"type":"moving-webcam","movingWebcam":{"x":-162.48046875,"y":-276.03515625}}	2022-05-04T07:27:29.624Z	
aqtcbuq2	Sam	{"type":"moving-webcam","movingWebcam":{"x":-157.5341796875,"y":-283.662109375}}	2022-05-04T07:27:29.641Z	
aqtcbuq2	Sam	{"type":"moving-webcam","movingWebcam":{"x":-153.7939453125,"y":-289.0185546875}}	2022-05-04T07:27:29.658Z	
aqtcbuq2	Sam	{"type":"moving-webcam","movingWebcam":{"x":-150.791015625,"y":-292.783203125}}	2022-05-04T07:27:29.674Z	
aqtcbuq2	Sam	{"type":"moving-webcam","movingWebcam":{"x":-148.2763671875,"y":-295.634765625}}	2022-05-04T07:27:29.693Z	
aqtcbuq2	Sam	{"type":"moving-webcam","movingWebcam":{"x":-146.15234375,"y":-297.7392578125}}	2022-05-04T07:27:29.708Z	
aqtcbuq2	Sam	{"type":"moving-webcam","movingWebcam":{"x":-143.671875,"y":-299.130859375}}	2022-05-04T07:27:29.725Z	
aqtcbuq2	Sam	{"type":"moving-webcam","movingWebcam":{"x":-140.8056640625,"y":-300.5517578125}}	2022-05-04T07:27:29.742Z	
aqtcbuq2	Sam	{"type":"moving-webcam","movingWebcam":{"x":-137.939453125,"y":-301.6162109375}}	2022-05-04T07:27:29.758Z	
aqtcbuq2	Sam	{"type":"moving-webcam","movingWebcam":{"x":-134.150390625,"y":-302.36328125}}	2022-05-04T07:27:29.776Z	
aqtcbuq2	Sam	{"type":"moving-webcam","movingWebcam":{"x":-128.9111328125,"y":-302.75390625}}	2022-05-04T07:27:29.793Z	
aqtcbuq2	Sam	{"type":"moving-webcam","movingWebcam":{"x":-123.1396484375,"y":-302.75390625}}	2022-05-04T07:27:29.809Z	
aqtcbuq2	Sam	{"type":"moving-webcam","movingWebcam":{"x":-116.2353515625,"y":-302.75390625}}	2022-05-04T07:27:29.824Z	
aqtcbuq2	Sam	{"type":"moving-webcam","movingWebcam":{"x":-105.8935546875,"y":-302.75390625}}	2022-05-04T07:27:29.842Z	
aqtcbuq2	Sam	{"type":"moving-webcam","movingWebcam":{"x":-94.951171875,"y":-302.2900390625}}	2022-05-04T07:27:29.858Z	
aqtcbuq2	Sam	{"type":"moving-webcam","movingWebcam":{"x":-85.712890625,"y":-299.970703125}}	2022-05-04T07:27:29.875Z	
aqtcbuq2	Sam	{"type":"moving-webcam","movingWebcam":{"x":-76.474609375,"y":-296.259765625}}	2022-05-04T07:27:29.893Z	
aqtcbuq2	Sam	{"type":"moving-webcam","movingWebcam":{"x":-67.8369140625,"y":-292.1630859375}}	2022-05-04T07:27:29.909Z	
aqtcbuq2	Sam	{"type":"moving-webcam","movingWebcam":{"x":-60.1171875,"y":-286.6845703125}}	2022-05-04T07:27:29.926Z	
aqtcbuq2	Sam	{"type":"moving-webcam","movingWebcam":{"x":-51.2744140625,"y":-278.271484375}}	2022-05-04T07:27:29.943Z	
aqtcbuq2	Sam	{"type":"moving-webcam","movingWebcam":{"x":-42.1533203125,"y":-268.056640625}}	2022-05-04T07:27:29.959Z	
aqtcbuq2	Sam	{"type":"moving-webcam","movingWebcam":{"x":-34.6826171875,"y":-257.548828125}}	2022-05-04T07:27:29.976Z	
aqtcbuq2	Sam	{"type":"moving-webcam","movingWebcam":{"x":-27.48046875,"y":-245.205078125}}	2022-05-04T07:27:29.993Z	
aqtcbuq2	Sam	{"type":"moving-webcam","movingWebcam":{"x":-19.2529296875,"y":-230.4248046875}}	2022-05-04T07:27:30.008Z	
aqtcbuq2	Sam	{"type":"moving-webcam","movingWebcam":{"x":-10.2294921875,"y":-214.638671875}}	2022-05-04T07:27:30.026Z	
aqtcbuq2	Sam	{"type":"moving-webcam","movingWebcam":{"x":-0.625,"y":-198.828125}}	2022-05-04T07:27:30.042Z	
aqtcbuq2	Sam	{"type":"moving-webcam","movingWebcam":{"x":9.5703125,"y":-182.96875}}	2022-05-04T07:27:30.061Z	
aqtcbuq2	Sam	{"type":"moving-webcam","movingWebcam":{"x":20.15625,"y":-167.8857421875}}	2022-05-04T07:27:30.075Z	
aqtcbuq2	Sam	{"type":"moving-webcam","movingWebcam":{"x":29.6630859375,"y":-155.72265625}}	2022-05-04T07:27:30.091Z	
aqtcbuq2	Sam	{"type":"moving-webcam","movingWebcam":{"x":38.3251953125,"y":-145.5712890625}}	2022-05-04T07:27:30.117Z	
aqtcbuq2	Sam	{"type":"moving-webcam","movingWebcam":{"x":46.943359375,"y":-135.458984375}}	2022-05-04T07:27:30.127Z	
aqtcbuq2	Sam	{"type":"moving-webcam","movingWebcam":{"x":54.287109375,"y":-126.1572265625}}	2022-05-04T07:27:30.144Z	
aqtcbuq2	Sam	{"type":"moving-webcam","movingWebcam":{"x":59.8193359375,"y":-118.798828125}}	2022-05-04T07:27:30.161Z	
aqtcbuq2	Sam	{"type":"moving-webcam","movingWebcam":{"x":63.9697265625,"y":-113.7744140625}}	2022-05-04T07:27:30.175Z	
aqtcbuq2	Sam	{"type":"moving-webcam","movingWebcam":{"x":67.5146484375,"y":-109.4287109375}}	2022-05-04T07:27:30.192Z	
aqtcbuq2	Sam	{"type":"moving-webcam","movingWebcam":{"x":70.498046875,"y":-105.64453125}}	2022-05-04T07:27:30.209Z	
aqtcbuq2	Sam	{"type":"moving-webcam","movingWebcam":{"x":73.41796875,"y":-102.314453125}}	2022-05-04T07:27:30.226Z	
aqtcbuq2	Sam	{"type":"moving-webcam","movingWebcam":{"x":76.97265625,"y":-97.958984375}}	2022-05-04T07:27:30.242Z	
aqtcbuq2	Sam	{"type":"moving-webcam","movingWebcam":{"x":81.875,"y":-91.787109375}}	2022-05-04T07:27:30.258Z	
aqtcbuq2	Sam	{"type":"moving-webcam","movingWebcam":{"x":89.04296875,"y":-84.23828125}}	2022-05-04T07:27:30.276Z	
aqtcbuq2	Sam	{"type":"moving-webcam","movingWebcam":{"x":98.0029296875,"y":-75.2587890625}}	2022-05-04T07:27:30.293Z	
aqtcbuq2	Sam	{"type":"moving-webcam","movingWebcam":{"x":108.681640625,"y":-63.5302734375}}	2022-05-04T07:27:30.309Z	
aqtcbuq2	Sam	{"type":"moving-webcam","movingWebcam":{"x":118.740234375,"y":-51.9287109375}}	2022-05-04T07:27:30.327Z	
aqtcbuq2	Sam	{"type":"moving-webcam","movingWebcam":{"x":127.4853515625,"y":-40.595703125}}	2022-05-04T07:27:30.342Z	
aqtcbuq2	Sam	{"type":"moving-webcam","movingWebcam":{"x":136.3232421875,"y":-28.603515625}}	2022-05-04T07:27:30.360Z	
aqtcbuq2	Sam	{"type":"moving-webcam","movingWebcam":{"x":142.7197265625,"y":-18.7890625}}	2022-05-04T07:27:30.375Z	
aqtcbuq2	Sam	{"type":"moving-webcam","movingWebcam":{"x":146.572265625,"y":-12.294921875}}	2022-05-04T07:27:30.411Z	
aqtcbuq2	Sam	{"type":"moving-webcam","movingWebcam":{"x":149.306640625,"y":-7.587890625}}	2022-05-04T07:27:30.411Z	
aqtcbuq2	Sam	{"type":"moving-webcam","movingWebcam":{"x":151.650390625,"y":-2.880859375}}	2022-05-04T07:27:30.426Z	
aqtcbuq2	Sam	{"type":"moving-webcam","movingWebcam":{"x":154.384765625,"y":1.826171875}}	2022-05-04T07:27:30.444Z	
aqtcbuq2	Sam	{"type":"moving-webcam","movingWebcam":{"x":156.7578125,"y":7.060546875}}	2022-05-04T07:27:30.460Z	
aqtcbuq2	Sam	{"type":"moving-webcam","movingWebcam":{"x":158.9501953125,"y":14.560546875}}	2022-05-04T07:27:30.475Z	
aqtcbuq2	Sam	{"type":"moving-webcam","movingWebcam":{"x":161.8505859375,"y":25.2099609375}}	2022-05-04T07:27:30.492Z	
aqtcbuq2	Sam	{"type":"moving-webcam","movingWebcam":{"x":164.345703125,"y":37.3779296875}}	2022-05-04T07:27:30.509Z	
aqtcbuq2	Sam	{"type":"moving-webcam","movingWebcam":{"x":165.7470703125,"y":48.203125}}	2022-05-04T07:27:30.531Z	
aqtcbuq2	Sam	{"type":"moving-webcam","movingWebcam":{"x":166.171875,"y":58.1787109375}}	2022-05-04T07:27:30.543Z	
aqtcbuq2	Sam	{"type":"moving-webcam","movingWebcam":{"x":166.171875,"y":67.4853515625}}	2022-05-04T07:27:30.560Z	
aqtcbuq2	Sam	{"type":"moving-webcam","movingWebcam":{"x":166.171875,"y":74.3896484375}}	2022-05-04T07:27:30.577Z	
aqtcbuq2	Sam	{"type":"moving-webcam","movingWebcam":{"x":165.7763671875,"y":79.62890625}}	2022-05-04T07:27:30.592Z	
aqtcbuq2	Sam	{"type":"moving-webcam","movingWebcam":{"x":161.220703125,"y":84.296875}}	2022-05-04T07:27:30.610Z	
aqtcbuq2	Sam	{"type":"moving-webcam","movingWebcam":{"x":148.0517578125,"y":88.10546875}}	2022-05-04T07:27:30.626Z	
aqtcbuq2	Sam	{"type":"moving-webcam","movingWebcam":{"x":135.322265625,"y":89.599609375}}	2022-05-04T07:27:30.642Z	
aqtcbuq2	Sam	{"type":"moving-webcam","movingWebcam":{"x":123.193359375,"y":89.599609375}}	2022-05-04T07:27:30.660Z	
aqtcbuq2	Sam	{"type":"moving-webcam","movingWebcam":{"x":109.4970703125,"y":89.599609375}}	2022-05-04T07:27:30.679Z	
aqtcbuq2	Sam	{"type":"moving-webcam","movingWebcam":{"x":99.58984375,"y":88.2177734375}}	2022-05-04T07:27:30.694Z	
aqtcbuq2	Sam	{"type":"moving-webcam","movingWebcam":{"x":91.42578125,"y":85.0390625}}	2022-05-04T07:27:30.709Z	
aqtcbuq2	Sam	{"type":"moving-webcam","movingWebcam":{"x":85.52734375,"y":81.6796875}}	2022-05-04T07:27:30.727Z	
aqtcbuq2	Sam	{"type":"moving-webcam","movingWebcam":{"x":81.171875,"y":78.125}}	2022-05-04T07:27:30.745Z	
aqtcbuq2	Sam	{"type":"moving-webcam","movingWebcam":{"x":77.1044921875,"y":73.6865234375}}	2022-05-04T07:27:30.761Z	
aqtcbuq2	Sam	{"type":"moving-webcam","movingWebcam":{"x":73.92578125,"y":69.35546875}}	2022-05-04T07:27:30.776Z	
aqtcbuq2	Sam	{"type":"moving-webcam","movingWebcam":{"x":71.7333984375,"y":66.044921875}}	2022-05-04T07:27:30.793Z	
aqtcbuq2	Sam	{"type":"moving-webcam","movingWebcam":{"x":69.5751953125,"y":63.193359375}}	2022-05-04T07:27:30.811Z	
aqtcbuq2	Sam	{"type":"moving-webcam","movingWebcam":{"x":67.841796875,"y":61.123046875}}	2022-05-04T07:27:30.828Z	
aqtcbuq2	Sam	{"type":"moving-webcam","movingWebcam":{"x":66.4697265625,"y":59.4091796875}}	2022-05-04T07:27:30.845Z	
aqtcbuq2	Sam	{"type":"moving-webcam","movingWebcam":{"x":65.1025390625,"y":57.7001953125}}	2022-05-04T07:27:30.861Z	
aqtcbuq2	Sam	{"type":"moving-webcam","movingWebcam":{"x":63.408203125,"y":56.7041015625}}	2022-05-04T07:27:30.878Z	
aqtcbuq2	Sam	{"type":"moving-webcam","movingWebcam":{"x":61.318359375,"y":55.6689453125}}	2022-05-04T07:27:30.893Z	
aqtcbuq2	Sam	{"type":"moving-webcam","movingWebcam":{"x":59.228515625,"y":54.6337890625}}	2022-05-04T07:27:30.909Z	
aqtcbuq2	Sam	{"type":"moving-webcam","movingWebcam":{"x":56.2939453125,"y":53.5302734375}}	2022-05-04T07:27:30.926Z	
aqtcbuq2	Sam	{"type":"moving-webcam","movingWebcam":{"x":52.51953125,"y":52.0361328125}}	2022-05-04T07:27:30.943Z	
aqtcbuq2	Sam	{"type":"moving-webcam","movingWebcam":{"x":48.75,"y":50.185546875}}	2022-05-04T07:27:30.960Z	
aqtcbuq2	Sam	{"type":"moving-webcam","movingWebcam":{"x":44.98046875,"y":47.587890625}}	2022-05-04T07:27:30.976Z	
aqtcbuq2	Sam	{"type":"moving-webcam","movingWebcam":{"x":40.751953125,"y":44.53125}}	2022-05-04T07:27:30.993Z	
aqtcbuq2	Sam	{"type":"moving-webcam","movingWebcam":{"x":36.064453125,"y":41.796875}}	2022-05-04T07:27:31.010Z	
aqtcbuq2	Sam	{"type":"moving-webcam","movingWebcam":{"x":31.97265625,"y":38.876953125}}	2022-05-04T07:27:31.026Z	
aqtcbuq2	Sam	{"type":"moving-webcam","movingWebcam":{"x":29.5458984375,"y":36.09375}}	2022-05-04T07:27:31.044Z	
aqtcbuq2	Sam	{"type":"moving-webcam","movingWebcam":{"x":28.8671875,"y":34.4140625}}	2022-05-04T07:27:31.060Z	
aqtcbuq2	Sam	{"type":"moving-webcam","movingWebcam":{"x":28.8671875,"y":33.466796875}}	2022-05-04T07:27:31.076Z	
aqtcbuq2	Sam	{"type":"moving-webcam","movingWebcam":{"x":28.8671875,"y":32.861328125}}	2022-05-04T07:27:31.094Z	
aqtcbuq2	Sam	{"type":"moving-webcam","movingWebcam":{"x":28.8671875,"y":32.8515625}}	2022-05-04T07:27:31.198Z	
aqtcbuq2	Sam	{"type":"moving-webcam","movingWebcam":{"x":28.8671875,"y":33.447265625}}	2022-05-04T07:27:31.223Z	
aqtcbuq2	Sam	{"type":"moving-webcam","movingWebcam":{"x":28.8671875,"y":34.0771484375}}	2022-05-04T07:27:31.231Z	
aqtcbuq2	Sam	{"type":"moving-webcam","movingWebcam":{"x":28.8671875,"y":34.7314453125}}	2022-05-04T07:27:31.245Z	
h8dqxekk	JSSDK	{"type":"stop-interview","recInterview":true}	2022-05-04T07:27:36.726Z	
aqtcbuq2	Sam	{"type":"stop-interview","recInterview":true}	2022-05-04T07:27:36.742Z	
